{"cameraMode":{"drawMode":0,"name":"Shaded","section":"Shading Mode"},"sceneLighting":true,"audioPlay":false,"sceneViewState":{"m_AlwaysRefresh":false,"showFog":true,"showSkybox":true,"showFlares":true,"showImageEffects":true,"showParticleSystems":true,"showVisualEffectGraphs":true,"m_FxEnabled":true},"in2DMode":false,"pivot":{"x":-34.712493896484378,"y":6.375628471374512,"z":-0.4843670725822449},"rotation":{"x":-0.007499617990106344,"y":0.010499613359570504,"z":0.00007944626122480258,"w":0.9999154210090637},"size":15.159904479980469,"orthographic":false}