{"cameraMode":{"drawMode":0,"name":"Shaded","section":"Shading Mode"},"sceneLighting":true,"audioPlay":false,"sceneViewState":{"m_AlwaysRefresh":false,"showFog":true,"showSkybox":true,"showFlares":true,"showImageEffects":true,"showParticleSystems":true,"showVisualEffectGraphs":true,"m_FxEnabled":true},"in2DMode":false,"pivot":{"x":-7.101539134979248,"y":25.537185668945314,"z":-45.956382751464847},"rotation":{"x":0.056967977434396747,"y":0.004492613952606916,"z":-0.00025532947620376945,"w":0.9983541965484619},"size":11.942947387695313,"orthographic":false}