{"cameraMode":{"drawMode":0,"name":"Shaded","section":"Shading Mode"},"sceneLighting":true,"audioPlay":false,"sceneViewState":{"m_AlwaysRefresh":false,"showFog":true,"showSkybox":true,"showFlares":true,"showImageEffects":true,"showParticleSystems":true,"showVisualEffectGraphs":true,"m_FxEnabled":true},"in2DMode":false,"pivot":{"x":4.218300819396973,"y":-0.8307527899742127,"z":9.586560249328614},"rotation":{"x":0.17007339000701905,"y":0.03280423581600189,"z":-0.005664900876581669,"w":0.9848690032958984},"size":12.115262031555176,"orthographic":false}